problem_index,alg_time
a,0.310000
b,1.720000
c,1.220000
d,6.650000
e,5.200000
