problem_index,alg_time
a,0.096407
b,0.548968
c,0.388843
d,2.217273
e,1.866678
