Threads,Time,Speedup
1,9.875112,1.000000
2,6.127229,1.611677
4,4.893903,2.017840
8,3.705126,2.665257
16,3.454662,2.858489
