Threads,Time,Speedup
1,1.224178,1.000000
2,0.719187,1.702170
4,0.646762,1.892781
8,0.457194,2.677587
16,0.270919,4.518613
