Threads,Time,Speedup
1,8.296421,1.000000
2,3.632098,2.284195
4,2.579567,3.216206
8,1.643927,5.046709
16,0.995415,8.334638