Threads,Time,Speedup
1,1.594126,1.000000
2,0.895030,1.781087
4,0.474917,3.356640
8,0.263042,6.060360
16,0.234083,6.810094