Approach,Grid,Threads,Particles,Avg_Interp,Avg_Mover,Total_Execution
Deferred,1000x400,2,14000000,0.0241567,0.0548923,0.7904902
Deferred,1000x400,4,14000000,0.0128452,0.0281234,0.4096865
Deferred,1000x400,8,14000000,0.0074123,0.0148921,0.2230441
Deferred,1000x400,16,14000000,0.0079541,0.0165421,0.2449622