Grid,Threads,Particles,Total_Execution
250x100,1,900000,0.093204
250x100,2,900000,0.055109
250x100,4,900000,0.030207
250x100,8,900000,0.033606
250x100,16,900000,0.033102
