Threads,Time,Speedup
1,0.286711,1.000000
2,0.164937,1.738309
4,0.090446,3.169958
8,0.059207,4.842510
16,0.062927,4.556235