Approach,Grid,Threads,Particles,Avg_Interp,Avg_Mover,Total_Execution
Deferred,250x100,1,100,0.00000214,0.00000582,0.0000796
Deferred,250x100,1,10000,0.00009641,0.00039821,0.0049462
Deferred,250x100,1,1000000,0.00941283,0.03857211,0.4798492
Deferred,250x100,1,100000000,0.95112450,3.91238412,48.635089
Deferred,250x100,1,1000000000,9.45821033,38.9214552,483.79665