Approach,Grid,Threads,Particles,Avg_Interp,Avg_Mover,Total_Execution
Deferred,500x200,1,100,0.00000321,0.00000591,0.0000912
Deferred,500x200,1,10000,0.00012144,0.00039912,0.0052056
Deferred,500x200,1,1000000,0.01184512,0.03889123,0.5073635
Deferred,500x200,1,100000000,1.18223941,3.92441021,51.066496
Deferred,500x200,1,1000000000,11.7644912,39.1233941,508.87885