Grid,Threads,Particles,Total_Execution
1000x400,1,14000000,2.614306
1000x400,2,14000000,1.378904
1000x400,4,14000000,0.755208
1000x400,8,14000000,0.842103
1000x400,16,14000000,1.931401
