Grid,Threads,Particles,Total_Execution
250x100,1,5000000,0.512401
250x100,2,5000000,0.271204
250x100,4,5000000,0.144803
250x100,8,5000000,0.139606
250x100,16,5000000,0.128709
