Grid,Threads,Particles,Total_Execution
500x200,1,3600000,0.375106
500x200,2,3600000,0.221405
500x200,4,3600000,0.131208
500x200,8,3600000,0.118401
500x200,16,3600000,0.123207
