Grid,Threads,Particles,Total_Execution
500x200,1,20000000,2.105407
500x200,2,20000000,1.114203
500x200,4,20000000,0.578403
500x200,8,20000000,0.571605
500x200,16,20000000,0.481207
